,AAPL,JNJ,XOM,SPY,QQQ,VWO,BND,GLD
AAPL,1.0,-0.056128891877183715,0.023975253960573775,0.5456276654277311,0.5581751606042075,0.28948850823900896,0.1522794923216218,0.05134676914828324
JNJ,-0.056128891877183715,1.0,0.21522911803878225,-0.12923633510809793,-0.30203410358972305,-0.04434096788198572,0.23868947901210277,-0.010085486851058851
XOM,0.023975253960573775,0.21522911803878225,1.0,0.14018406830761546,0.002200642976488943,0.17545935834975313,-0.03211312090575827,0.11577415978065202
SPY,0.5456276654277311,-0.12923633510809793,0.14018406830761546,1.0,0.9502475841142562,0.554485519452621,0.08462968912991849,0.21153693776285654
QQQ,0.5581751606042075,-0.30203410358972305,0.002200642976488943,0.9502475841142562,1.0,0.5518465063281837,0.02904201866520084,0.21038240634540156
VWO,0.28948850823900896,-0.04434096788198572,0.17545935834975313,0.554485519452621,0.5518465063281837,1.0,0.1343552899138287,0.40670868590775533
BND,0.1522794923216218,0.23868947901210277,-0.03211312090575827,0.08462968912991849,0.02904201866520084,0.1343552899138287,1.0,0.21285121116461478
GLD,0.05134676914828324,-0.010085486851058851,0.11577415978065202,0.21153693776285654,0.21038240634540156,0.40670868590775533,0.21285121116461478,1.0
