,MSFT,JPM,V,TSLA,AMZN,XLF,VWO,ARKK
MSFT,1.0,0.23045973165761938,0.21302204361867486,0.384447479895997,0.6664245800062155,0.31696432432694654,0.30427670783591004,0.5525438426218616
JPM,0.23045973165761938,1.0,0.4323124793748689,0.3145977405137781,0.3284944497785235,0.846148698484111,0.186260878365742,0.45103535678068735
V,0.21302204361867486,0.4323124793748689,1.0,0.2734163529268984,0.27384163794058214,0.6606579344454301,0.09041016303175026,0.3753586205559715
TSLA,0.384447479895997,0.3145977405137781,0.2734163529268984,1.0,0.4334649003035464,0.3687720330227054,0.2775432820632568,0.6995263370481446
AMZN,0.6664245800062155,0.3284944497785235,0.27384163794058214,0.4334649003035464,1.0,0.3781061530732363,0.3740672340146431,0.6271781782660152
XLF,0.31696432432694654,0.846148698484111,0.6606579344454301,0.3687720330227054,0.3781061530732363,1.0,0.2397655994546805,0.5519724374539924
VWO,0.30427670783591004,0.186260878365742,0.09041016303175026,0.2775432820632568,0.3740672340146431,0.2397655994546805,1.0,0.49387015503562476
ARKK,0.5525438426218616,0.45103535678068735,0.3753586205559715,0.6995263370481446,0.6271781782660152,0.5519724374539924,0.49387015503562476,1.0
