,AAPL,JNJ,XOM,SPY,QQQ,VWO,BND,GLD
AAPL,1.0,-0.056129285670246054,0.023975291016743196,0.5456272156162588,0.5581749753973814,0.2894894130909038,0.15227739754585576,0.051346566752913395
JNJ,-0.056129285670246054,1.0,0.21522871364183357,-0.12923555137864542,-0.30203446110193893,-0.04434142944302427,0.23868680514277826,-0.010084718716675593
XOM,0.023975291016743196,0.21522871364183357,1.0,0.14018393804225268,0.0022006404515815983,0.1754591351681136,-0.03211048937564382,0.11577415978065202
SPY,0.5456272156162588,-0.12923555137864542,0.14018393804225268,1.0,0.9502472966663931,0.5544849862570604,0.08463298442184768,0.21153632350899357
QQQ,0.5581749753973814,-0.30203446110193893,0.0022006404515815983,0.9502472966663931,1.0,0.55184681302339,0.02904434003075241,0.21038285949388036
VWO,0.2894894130909038,-0.04434142944302427,0.1754591351681136,0.5544849862570604,0.55184681302339,1.0,0.13436086500253924,0.4067084393707887
BND,0.15227739754585576,0.23868680514277826,-0.03211048937564382,0.08463298442184768,0.02904434003075241,0.13436086500253924,1.0,0.2128544964208187
GLD,0.051346566752913395,-0.010084718716675593,0.11577415978065202,0.21153632350899357,0.21038285949388036,0.4067084393707887,0.2128544964208187,1.0
