,MSFT,AMZN,VZ,TSLA,JPM,XPO,ET,VWO
MSFT,1.0,0.6664247654972153,-0.15850065340183725,0.3844474723369784,0.23045989275033266,0.27894860382434267,0.19238275985475267,0.3042771088803782
AMZN,0.6664247654972153,1.0,-0.1618698772527352,0.4334649003035464,0.32849444977852343,0.3208829408255049,0.26548280633388815,0.3740677805482324
VZ,-0.15850065340183725,-0.1618698772527352,1.0,-0.17597392217122326,0.03881469368616792,-0.09865804407284993,-0.03456921342400396,-0.03383152045864051
TSLA,0.3844474723369784,0.4334649003035464,-0.17597392217122326,1.0,0.31459774051377815,0.2615307526820829,0.24064068113485979,0.2775433940674208
JPM,0.23045989275033266,0.32849444977852343,0.03881469368616792,0.31459774051377815,1.0,0.36174386060371466,0.3728163810527554,0.18626076239395825
XPO,0.27894860382434267,0.3208829408255049,-0.09865804407284993,0.2615307526820829,0.36174386060371466,1.0,0.3059047313353061,0.1844108302561523
ET,0.19238275985475267,0.26548280633388815,-0.03456921342400396,0.24064068113485979,0.3728163810527554,0.3059047313353061,1.0,0.2586241848661903
VWO,0.3042771088803782,0.3740677805482324,-0.03383152045864051,0.2775433940674208,0.18626076239395825,0.1844108302561523,0.2586241848661903,1.0
