,AAPL,JNJ,XOM,SPY,QQQ,VWO,BND,GLD
AAPL,1.0,-0.05612932584197165,0.023975376727386033,0.5456272388779816,0.5581749069768369,0.28948900130697397,0.15227933956547057,0.05134676694061429
JNJ,-0.05612932584197165,1.0,0.21522876027940624,-0.12923720384608087,-0.30203514606846044,-0.0443419319987264,0.23868676893680413,-0.01008515562557626
XOM,0.023975376727386033,0.21522876027940624,1.0,0.14018429216969658,0.0022012842129234714,0.17545996490235607,-0.03211288993600595,0.11577440138151766
SPY,0.5456272388779816,-0.12923720384608087,0.14018429216969658,1.0,0.9502475672669604,0.5544846438483726,0.0846343271495714,0.211535936463526
QQQ,0.5581749069768369,-0.30203514606846044,0.0022012842129234714,0.9502475672669604,1.0,0.5518464026838203,0.029046893979509502,0.21038225721370216
VWO,0.28948900130697397,-0.0443419319987264,0.17545996490235607,0.5544846438483726,0.5518464026838203,1.0,0.13435965683604026,0.4067087615655479
BND,0.15227933956547057,0.23868676893680413,-0.03211288993600595,0.0846343271495714,0.029046893979509502,0.13435965683604026,1.0,0.21285303209354717
GLD,0.05134676694061429,-0.01008515562557626,0.11577440138151766,0.211535936463526,0.21038225721370216,0.4067087615655479,0.21285303209354717,1.0
