,AAPL,JNJ,XOM,SPY,QQQ,VWO,BND,GLD
AAPL,1.0,-0.05612932584197165,0.023975598546513367,0.545627034328067,0.5581748828096332,0.28948856094261166,0.15227822925601253,0.05134676694061429
JNJ,-0.05612932584197165,1.0,0.21522918601487304,-0.12923586354345418,-0.30203505656888624,-0.044341362110957086,0.23868971368649217,-0.01008515562557626
XOM,0.023975598546513367,0.21522918601487304,1.0,0.14018400592811053,0.0022006412511786613,0.1754593562974328,-0.03211059808784869,0.11577411463970905
SPY,0.545627034328067,-0.12923586354345418,0.14018400592811053,1.0,0.9502471796295932,0.5544844855894099,0.08463257937277419,0.21153673438550735
QQQ,0.5581748828096332,-0.30203505656888624,0.0022006412511786613,0.9502471796295932,1.0,0.5518461977554199,0.029044110225927896,0.2103823374395195
VWO,0.28948856094261166,-0.044341362110957086,0.1754593562974328,0.5544844855894099,0.5518461977554199,1.0,0.13436037348407015,0.4067092671042189
BND,0.15227822925601253,0.23868971368649217,-0.03211059808784869,0.08463257937277419,0.029044110225927896,0.13436037348407015,1.0,0.21285309672066421
GLD,0.05134676694061429,-0.01008515562557626,0.11577411463970905,0.21153673438550735,0.2103823374395195,0.4067092671042189,0.21285309672066421,1.0
