,AAPL,JNJ,XOM,SPY,QQQ,VWO,BND,GLD
AAPL,1.0,-0.056129149706950945,0.023975311986160226,0.5456271591890878,0.5581754027307935,0.2894888643433038,0.15227953547983766,0.051346697846243
JNJ,-0.056129149706950945,1.0,0.21522926913346976,-0.12923559635927523,-0.30203433554689857,-0.0443410599491223,0.23868407217544582,-0.010084616146493273
XOM,0.023975311986160226,0.21522926913346976,1.0,0.14018386175955594,0.0022003436955265934,0.175459279498495,-0.03210983173645847,0.11577408046811938
SPY,0.5456271591890878,-0.12923559635927523,0.14018386175955594,1.0,0.9502472597951342,0.5544841228140188,0.08463177324551403,0.21153677804131976
QQQ,0.5581754027307935,-0.30203433554689857,0.0022003436955265934,0.9502472597951342,1.0,0.551845899067509,0.029044108360304362,0.21038288257742482
VWO,0.2894888643433038,-0.0443410599491223,0.175459279498495,0.5544841228140188,0.551845899067509,1.0,0.13435665428269067,0.40670915216098347
BND,0.15227953547983766,0.23868407217544582,-0.03210983173645847,0.08463177324551403,0.029044108360304362,0.13435665428269067,1.0,0.21285327279524865
GLD,0.051346697846243,-0.010084616146493273,0.11577408046811938,0.21153677804131976,0.21038288257742482,0.40670915216098347,0.21285327279524865,1.0
