,volatility,max_drawdown,avg_return,sharpe_ratio,downside_deviation
AAPL,0.24668882318574775,-0.18959713950233803,0.018028176277754028,1.1601191429833777,0.17124777156738993
JNJ,0.16660889026292353,-0.14446254632869948,0.005233560332612687,0.4986540306352563,0.09990596868291653
XOM,0.2024428475865081,-0.15149563490972806,0.0038058743064575446,0.298436730843382,0.13363436161871883
SPY,0.13948706411767142,-0.10035401072659289,0.005383419998328945,0.6126671577189943,0.10577751520367695
QQQ,0.19727993480320252,-0.13557744566418173,0.004963062779024782,0.3993623538328804,0.15085365840260556
VWO,0.15516846707239657,-0.12050781055533244,0.007702825331772858,0.7880374384673549,0.10173900507457012
BND,0.05198747291393042,-0.04740411585928195,0.0034718097830023285,1.0601260000099697,0.031976812619607164
GLD,0.1550437421815824,-0.0812038977169296,0.020692167494114233,2.118614856917101,0.10993509400442684
