,volatility,max_drawdown,avg_return,sharpe_ratio,downside_deviation
AAPL,0.24668891448983757,-0.18959713950233803,0.01802817766022408,1.1601188025643892,0.17124776336797828
JNJ,0.16660894945731825,-0.1444626255767929,0.005233560954782437,0.4986539127491223,0.09990612683890845
XOM,0.2024428597915464,-0.15149563490972806,0.0038058744614465276,0.2984367250044115,0.13363436234109005
SPY,0.13948708774707555,-0.10035401072659289,0.005383420205084348,0.6126670774619627,0.10577748990411318
QQQ,0.1972798382157397,-0.13557744566418173,0.0049630615789439565,0.3993624527923289,0.15085362253770557
VWO,0.15516847184030905,-0.12050781055533244,0.007702825387932216,0.7880374199984523,0.10173906136119223
BND,0.051987539673693836,-0.04740411585928195,0.003471803005099205,1.0601225690024914,0.03197680528005832
GLD,0.1550437421815824,-0.0812038977169296,0.020692167494114233,2.118614856917101,0.10993509400442684
