,volatility,max_drawdown,avg_return,sharpe_ratio,downside_deviation
AAPL,0.24668887142174306,-0.18959713950233803,0.01802817699365478,1.1601189622093964,0.17124772098833146
JNJ,0.16660886154315677,-0.14446254632869948,0.005233566396749898,0.4986546943839926,0.09990595025241275
XOM,0.20244282846434242,-0.15149563490972806,0.003805874064173861,0.2984367400342355,0.13363431411618845
SPY,0.13948709062397452,-0.10035401072659289,0.005383420239525313,0.6126670687454004,0.1057775759876707
QQQ,0.19727987528546911,-0.13557744566418173,0.004963062047070055,0.3993624154190965,0.15085365951202379
VWO,0.1551685252340904,-0.12050781055533244,0.007702831890252677,0.7880378140528492,0.10173902337564165
BND,0.0519872779713722,-0.04740411585928195,0.0034718161452442432,1.0601319180181017,0.03197653520471171
GLD,0.1550437421815824,-0.0812038977169296,0.020692167494114233,2.118614856917101,0.10993509400442684
