,volatility,max_drawdown,avg_return,sharpe_ratio,downside_deviation
AAPL,0.24668889483009104,-0.18959713950233803,0.018028183113993308,1.1601192459712324,0.1712477549711111
JNJ,0.16660886385724782,-0.1444626255767929,0.005233566433239714,0.49865469093474935,0.09990609942832346
XOM,0.20244285007496113,-0.15149563490972806,0.0038058743382114284,0.29843672966493334,0.13363437806110454
SPY,0.13948706411767142,-0.10035401072659289,0.005383419998328945,0.6126671577189943,0.10577751520367695
QQQ,0.19727989138316177,-0.13557744566418173,0.004963066651180737,0.3993627533104921,0.1508536511224329
VWO,0.15516847883760165,-0.12050781055533244,0.007702831437072044,0.7880380033191761,0.10173904101044032
BND,0.051987551232155454,-0.04740411585928195,0.0034718170369629773,1.0601266179630755,0.03197672833369343
GLD,0.1550437421815824,-0.0812038977169296,0.020692167494114233,2.118614856917101,0.10993509400442684
